{
 "vert-0": {
  "small-1-1-0": [
   [
    22.0,
    16.0,
    20.0,
    22.0,
    16.0,
    16.0,
    23.0,
    16.0,
    12.0,
    19.0,
    15.0,
    16.0,
    18.0
   ],
   1.3896153846153845
  ],
  "medium-2-3-0": [
   [
    88.0,
    54.0,
    42.0,
    108.0,
    36.0,
    106.0,
    110.0,
    110.0,
    63.0,
    58.0,
    11.0,
    104.0,
    94.0,
    92.0,
    63.0,
    25.0,
    106.0,
    103.0,
    63.0,
    90.0,
    78.0,
    87.0,
    65.0,
    83.0,
    63.0,
    31.0,
    89.0,
    83.0,
    64.0,
    97.0,
    59.0,
    115.0,
    56.0,
    77.0,
    134.0,
    107.0,
    103.0,
    65.0,
    63.0,
    98.0,
    92.0,
    63.0,
    109.0,
    145.0,
    74.0,
    50.0,
    80.0,
    118.0,
    87.0,
    42.0,
    61.0,
    60.0,
    73.0,
    83.0,
    108.0,
    66.0,
    103.0,
    30.0,
    67.0,
    105.0,
    102.0,
    58.0,
    47.0,
    81.0,
    108.0,
    99.0,
    42.0,
    37.0,
    91.0,
    29.0,
    76.0,
    126.0,
    82.0,
    96.0,
    68.0,
    19.0,
    109.0,
    53.0,
    129.0,
    130.0,
    26.0,
    57.0,
    134.0,
    79.0,
    77.0,
    90.0,
    37.0,
    79.0,
    87.0,
    110.0,
    87.0,
    46.0,
    81.0,
    60.0,
    69.0,
    56.0,
    109.0,
    90.0,
    63.0,
    116.0,
    105.0,
    117.0,
    91.0,
    124.0,
    93.0,
    73.0,
    66.0,
    85.0,
    105.0,
    54.0,
    85.0,
    112.0,
    68.0,
    102.0,
    87.0,
    116.0,
    96.0,
    48.0,
    73.0,
    93.0,
    73.0,
    58.0,
    89.0,
    78.0,
    116.0,
    56.0,
    88.0,
    119.0,
    72.0,
    76.0,
    89.0,
    30.0,
    97.0,
    10.0,
    124.0,
    60.0
   ],
   25.037470588235294
  ],
  "medium-3-2-0": [
   [
    20.0,
    35.0,
    72.0,
    76.0,
    90.0,
    61.0,
    110.0,
    83.0,
    35.0,
    42.0
   ],
   3.451
  ],
  "large-1-6-0": [
   [
    435.0,
    380.0,
    320.0,
    347.0,
    301.0,
    441.0,
    274.0,
    304.0,
    362.0,
    344.0
   ],
   7.795
  ],
  "large-2-6-0": [
   [
    289.0,
    460.0,
    288.0,
    308.0,
    407.0,
    271.0,
    162.0,
    333.0,
    270.0,
    359.0
   ],
   8.127
  ],
  "medium-2-1-0": [
   [
    45.0,
    43.0,
    32.0,
    56.0,
    61.0,
    63.0,
    47.0,
    68.0,
    49.0,
    37.0,
    50.0,
    80.0,
    32.0,
    58.0,
    51.0,
    69.0,
    88.0,
    37.0,
    64.0,
    66.0,
    53.0,
    42.0,
    47.0,
    35.0,
    61.0,
    43.0,
    23.0,
    70.0,
    47.0,
    61.0,
    62.0,
    60.0,
    67.0,
    50.0,
    80.0,
    55.0,
    51.0,
    55.0,
    36.0,
    49.0,
    43.0,
    23.0,
    81.0,
    61.0,
    39.0,
    92.0,
    49.0,
    57.0,
    51.0,
    58.0,
    65.0,
    58.0,
    44.0,
    59.0,
    27.0,
    82.0,
    107.0,
    64.0,
    58.0,
    63.0,
    42.0,
    55.0,
    58.0,
    78.0,
    46.0,
    38.0,
    72.0,
    84.0,
    50.0,
    42.0,
    53.0,
    43.0,
    43.0,
    81.0,
    55.0,
    28.0,
    61.0,
    26.0,
    63.0,
    61.0,
    72.0,
    48.0,
    67.0,
    66.0,
    49.0,
    81.0,
    49.0,
    59.0,
    50.0,
    72.0,
    35.0,
    96.0,
    66.0,
    55.0,
    52.0,
    64.0,
    43.0,
    73.0,
    61.0,
    63.0
   ],
   35.544
  ],
  "medium-2-2-0": [
   [
    59.0,
    39.0,
    35.0,
    69.0,
    68.0,
    71.0,
    71.0,
    33.0,
    48.0,
    21.0,
    40.0,
    82.0,
    79.0,
    74.0,
    76.0,
    25.0,
    72.0,
    79.0,
    60.0,
    77.0,
    119.0,
    60.0,
    101.0,
    99.0,
    80.0,
    73.0,
    88.0,
    66.0,
    71.0,
    108.0,
    60.0,
    13.0,
    71.0,
    68.0,
    64.0,
    56.0,
    82.0,
    87.0,
    82.0,
    77.0,
    41.0,
    85.0,
    114.0,
    69.0,
    86.0,
    53.0,
    80.0,
    88.0,
    121.0,
    65.0,
    55.0,
    54.0,
    79.0,
    104.0,
    91.0,
    54.0,
    108.0,
    0.0,
    74.0,
    81.0,
    69.0,
    39.0,
    85.0,
    67.0,
    26.0,
    77.0,
    58.0,
    65.0,
    113.0,
    66.0,
    107.0,
    125.0,
    74.0,
    74.0,
    70.0,
    25.0,
    110.0,
    77.0,
    82.0,
    53.0,
    28.0,
    82.0,
    57.0,
    45.0,
    129.0,
    68.0,
    97.0,
    47.0,
    91.0,
    87.0,
    56.0,
    81.0,
    63.0,
    66.0,
    53.0,
    59.0,
    88.0,
    68.0,
    66.0,
    76.0
   ],
   35.018
  ],
  "medium-2-4-0": [
   [
    80.0,
    59.0,
    40.0,
    109.0,
    64.0,
    70.0,
    98.0,
    111.0,
    50.0,
    34.0,
    96.0,
    14.0,
    105.0,
    96.0,
    111.0,
    117.0,
    94.0,
    60.0,
    98.0,
    71.0,
    70.0,
    99.0,
    28.0,
    94.0,
    100.0,
    49.0,
    64.0,
    114.0,
    37.0,
    54.0,
    107.0,
    0.0,
    53.0,
    112.0,
    108.0,
    49.0,
    81.0,
    64.0,
    83.0,
    117.0,
    119.0,
    75.0,
    94.0,
    52.0,
    22.0,
    117.0,
    102.0,
    120.0,
    75.0,
    135.0,
    136.0,
    95.0,
    91.0,
    46.0,
    111.0,
    102.0,
    130.0,
    68.0,
    72.0,
    61.0,
    103.0,
    98.0,
    69.0,
    94.0,
    92.0,
    72.0,
    104.0,
    57.0,
    99.0,
    65.0,
    86.0,
    45.0,
    93.0,
    44.0,
    30.0,
    66.0,
    41.0,
    56.0,
    20.0,
    90.0,
    98.0,
    115.0,
    100.0,
    113.0,
    102.0,
    90.0,
    79.0,
    24.0,
    66.0,
    93.0,
    71.0,
    80.0,
    64.0,
    92.0,
    51.0,
    70.0,
    68.0,
    103.0,
    82.0,
    83.0
   ],
   32.968
  ],
  "medium-2-5-0": [
   [
    41.0,
    109.0,
    77.0,
    81.0,
    77.0,
    131.0,
    21.0,
    79.0,
    54.0,
    77.0,
    66.0,
    137.0,
    36.0,
    36.0,
    11.0,
    52.0,
    34.0,
    56.0,
    50.0,
    49.0,
    62.0,
    71.0,
    137.0,
    122.0,
    82.0,
    83.0,
    87.0,
    56.0,
    67.0,
    86.0,
    70.0,
    71.0,
    74.0,
    141.0,
    0.0,
    95.0,
    72.0,
    70.0,
    61.0,
    85.0,
    110.0,
    105.0,
    35.0,
    54.0,
    54.0,
    41.0,
    96.0,
    26.0,
    55.0,
    78.0,
    80.0,
    114.0,
    95.0,
    34.0,
    115.0,
    105.0,
    54.0,
    91.0,
    91.0,
    102.0,
    88.0,
    109.0,
    46.0,
    45.0,
    101.0,
    111.0,
    71.0,
    33.0,
    79.0,
    62.0,
    66.0,
    89.0,
    40.0,
    37.0,
    74.0,
    32.0,
    109.0,
    106.0,
    116.0,
    130.0,
    73.0,
    113.0,
    61.0,
    18.0,
    0.0,
    94.0,
    108.0,
    95.0,
    57.0,
    51.0,
    111.0,
    47.0,
    98.0,
    98.0,
    108.0,
    102.0,
    117.0,
    114.0,
    0.0,
    44.0
   ],
   33.603
  ],
  "medium-2-6-0": [
   [
    83.0,
    11.0,
    83.0,
    55.0,
    71.0,
    12.0,
    121.0,
    13.0,
    82.0,
    74.0,
    42.0,
    101.0,
    70.0,
    79.0,
    61.0,
    44.0,
    0.0,
    121.0,
    112.0,
    27.0,
    89.0,
    129.0,
    74.0,
    87.0,
    112.0,
    94.0,
    127.0,
    62.0,
    14.0,
    50.0,
    43.0,
    45.0,
    102.0,
    93.0,
    61.0,
    59.0,
    50.0,
    112.0,
    93.0,
    28.0,
    66.0,
    23.0,
    95.0,
    50.0,
    77.0,
    70.0,
    82.0,
    70.0,
    86.0,
    47.0,
    57.0,
    28.0,
    17.0,
    103.0,
    58.0,
    106.0,
    43.0,
    122.0,
    33.0,
    50.0,
    126.0,
    98.0,
    61.0,
    65.0,
    63.0,
    55.0,
    73.0,
    49.0,
    73.0,
    24.0,
    57.0,
    50.0,
    91.0,
    85.0,
    71.0,
    83.0,
    86.0,
    41.0,
    50.0,
    64.0,
    44.0,
    86.0,
    35.0,
    95.0,
    48.0,
    83.0,
    58.0,
    42.0,
    25.0,
    36.0,
    102.0,
    0.0,
    23.0,
    40.0,
    48.0,
    10.0,
    102.0,
    119.0,
    41.0,
    34.0
   ],
   34.841
  ],