{
 "blue-0": {
  "small-1-1-0": [
   [
    10.0,
    0.0,
    0.0,
    21.0,
    0.0,
    0.0,
    0.0,
    0.0,
    0.0,
    0.0,
    0.0,
    0.0,
    0.0
   ],
   1.8193846153846154
  ],
  "medium-2-3-0": [
   [
    0.0,
    0.0,
    0.0,
    0.0,
    0.0,
    0.0,
    0.0,
    0.0,
    0.0,
    0.0
   ],
   202.542
  ]
 },
 "blue-1": {
  "small-1-1-0": [
   [
    15.0,
    0.0,
    0.0,
    20.0,
    0.0,
    0.0,
    0.0,
    0.0,
    0.0,
    0.0,
    0.0,
    0.0,
    0.0
   ],
   1.7863846153846152
  ],
  "medium-2-3-0": [
   [
    0.0,
    0.0,
    0.0,
    0.0,
    0.0,
    0.0,
    0.0,
    0.0,
    0.0,
    0.0
   ],
   208.098
  ]
 }
}