{
 "red-0": {
  "small-1-1-0": [
   [
    0.0,
    0.0,
    0.0,
    28.0,
    0.0,
    0.0,
    23.0,
    0.0,
    0.0,
    0.0,
    0.0,
    0.0,
    0.0,
    0.0,
    0.0,
    0.0,
    0.0,
    0.0,
    0.0,
    0.0,
    0.0,
    18.0,
    16.0,
    0.0,
    0.0,
    0.0,
    0.0,
    0.0,
    0.0,
    0.0,
    0.0,
    0.0,
    0.0,
    21.0,
    0.0,
    0.0,
    0.0,
    0.0,
    0.0
   ],
   0.374974358974359
  ],
  "medium-2-3-0": [
   [
    -171.0,
    -100.0,
    -500.0,
    -100.0,
    -67.0,
    -180.0,
    -200.0,
    0.0,
    -200.0,
    -485.0,
    0.0,
    -200.0,
    17.0,
    0.0,
    -100.0,
    0.0,
    0.0,
    -100.0,
    -400.0,
    64.0,
    -1000.0,
    -100.0,
    0.0
   ],
   0.4665217391304348
  ],
  "medium-3-2-0": [
   [
    0.0,
    -100.0,
    0.0,
    -100.0,
    0.0,
    -373.0,
    0.0,
    0.0,
    0.0,
    0.0,
    0.0,
    -100.0,
    0.0,
    0.0,
    0.0,
    0.0,
    0.0,
    31.0,
    0.0,
    0.0,
    24.0,
    -100.0,
    0.0
   ],
   0.4265217391304348
  ],
  "large-1-6-0": [
   [
    -340.0,
    -200.0,
    0.0,
    -400.0,
    -600.0,
    -100.0,
    0.0,
    0.0,
    0.0,
    -40.0,
    -1400.0,
    0.0,
    -200.0,
    -354.0,
    -400.0,
    -786.0,
    0.0,
    0.0,
    39.0,
    0.0,
    -300.0,
    -900.0,
    -573.0
   ],
   0.5683043478260871
  ],
  "large-2-6-0": [
   [
    -1000.0,
    -600.0,
    -100.0,
    -300.0,
    -100.0,
    -157.0,
    0.0,
    -800.0,
    -800.0,
    0.0,
    -100.0,
    0.0,
    -400.0,
    -243.0,
    -100.0,
    0.0,
    0.0,
    0.0,
    -200.0,
    0.0,
    0.0,
    0.0,
    -100.0
   ],
   0.6247391304347826
  ],
  "small-2-2-0": [
   [
    0.0,
    -100.0,
    0.0,
    0.0,
    -200.0,
    0.0,
    0.0,
    0.0,
    -100.0,
    16.0,
    0.0,
    11.0,
    0.0,
    0.0,
    0.0,
    10.0,
    0.0,
    0.0,
    0.0,
    0.0,
    0.0,
    11.0,
    0.0,
    0.0,
    0.0,
    0.0
   ],
   0.3681153846153847
  ],
  "small-3-2-0": [
   [
    0.0,
    0.0,
    0.0,
    -100.0,
    -200.0,
    0.0,
    0.0,
    -100.0,
    0.0,
    0.0,
    -100.0,
    -100.0,
    -181.0,
    -300.0,
    -384.0,
    -300.0,
    -300.0,
    0.0,
    -100.0,
    0.0,
    0.0,
    0.0,
    0.0,
    0.0,
    -100.0,
    0.0
   ],
   0.3655
  ],
  "medium-1-3-0": [
   [
    -300.0,
    -100.0,
    19.0,
    -700.0,
    -187.0,
    -100.0,
    12.0,
    0.0,
    0.0,
    0.0,
    29.0,
    -400.0,
    0.0
   ],
   0.40284615384615385
  ],
  "medium-4-2-0": [
   [
    -300.0,
    0.0,
    -178.0,
    -300.0,
    -400.0,
    0.0,
    0.0,
    31.0,
    0.0,
    0.0,
    37.0,
    0.0,
    0.0
   ],
   0.3946153846153846
  ],
  "large-3-6-0": [
   [
    -1070.0,
    -1100.0,
    -800.0,
    -300.0,
    -500.0,
    0.0,
    -300.0,
    -300.0,
    -200.0,
    0.0,
    -200.0,
    -800.0,
    -100.0
   ],
   0.5381538461538462
  ],
  "large-4-4-0": [
   [
    -153.0,
    0.0,
    -700.0,
    -700.0,
    -1100.0,
    0.0,
    0.0,
    48.0,
    12.0,
    -400.0,
    -100.0,
    0.0,
    0.0
   ],
   0.49953846153846154
  ],
  "small-1-1-1": [
   [
    -400.0,
    -185.0,
    -1100.0,
    0.0,
    -300.0,
    11.0,
    0.0,
    -400.0,
    -89.0,
    0.0,
    0.0,
    -100.0,
    -284.0
   ],
   0.36230769230769233
  ],
  "small-2-2-1": [
   [
    -300.0,
    0.0,
    -280.0,
    0.0,
    -900.0,
    -900.0,
    -300.0,
    -588.0,
    -500.0,
    -1000.0,
    -1300.0,
    -1900.0,
    -1900.0
   ],
   0.36353846153846153
  ],
  "small-3-2-1": [
   [
    -377.0,
    -400.0,
    -100.0,
    -500.0,
    -200.0,
    -800.0,
    -100.0,
    -100.0,
    -800.0,
    -400.0,
    0.0,
    -700.0,
    -1500.0
   ],
   0.3699230769230769
  ],
  "medium-1-3-1": [
   [
    -400.0,
    -2000.0,
    -600.0,
    -1700.0,
    -500.0,
    -3600.0,
    -2467.0,
    -2400.0,
    -2400.0,
    -2369.0,
    -2500.0,
    -200.0,
    0.0
   ],
   0.40961538461538455
  ],
  "medium-2-3-1": [
   [
    -2300.0,
    -200.0,
    -1700.0,
    -280.0,
    28.0,
    -2400.0,
    -1900.0,
    -1490.0,
    -2300.0,
    -2372.0,
    -2400.0,
    -900.0,
    -1400.0
   ],
   0.443
  ],
  "medium-3-2-1": [
   [
    0.0,
    -500.0,
    34.0,
    -3000.0,
    -152.0,
    -100.0,
    -200.0,
    -300.0,
    -900.0,
    -200.0,
    -2900.0,
    -4100.0,
    -4800.0
   ],
   0.4143076923076923
  ],
  "medium-4-2-1": [
   [
    -400.0,
    0.0,
    -2181.0,
    -2000.0,
    -2500.0,
    -2600.0,
    -2400.0,
    -1000.0,
    -2400.0,
    -1100.0,
    -3000.0,
    -387.0,
    -2300.0
   ],
   0.40084615384615385
  ],
  "large-1-6-1": [
   [
    -6100.0,
    -500.0,
    -4400.0,
    -2961.0,
    -5700.0,
    -5400.0,
    -5500.0,
    -4900.0,
    -5500.0,
    -5200.0,
    -4900.0,
    -5200.0,
    -4867.0
   ],
   0.5307692307692308
  ],
  "large-2-6-1": [
   [
    -1500.0,
    -500.0,
    -400.0,
    -4200.0,
    -200.0,
    -100.0,
    -500.0,
    -100.0,
    0.0,
    -700.0,
    -670.0,
    0.0,
    54.0
   ],
   0.5902307692307691
  ],
  "large-3-6-1": [
   [
    -3885.0,
    -3800.0,
    -5377.0,
    -4900.0,
    -6187.0,
    -6600.0,
    -1300.0,
    -2300.0,
    -4200.0,
    -2300.0,
    -6200.0,
    -1600.0,
    -5300.0
   ],
   0.5708461538461539
  ],
  "large-4-4-1": [
   [
    -800.0,
    -2200.0,
    -500.0,
    -485.0,
    -700.0,
    -5800.0,
    -1600.0,
    54.0,
    -1800.0,
    -1000.0,
    -2200.0,
    -4855.0,
    -74.0
   ],
   0.5156153846153846
  ]
 },
 "red-1": {
  "small-1-1-0": [
   [
    0.0,
    11.0,
    16.0,
    0.0,
    0.0,
    0.0,
    20.0,
    0.0,
    0.0,
    19.0,
    0.0,
    0.0,
    0.0,
    0.0,
    0.0,
    0.0,
    0.0,
    0.0,
    0.0,
    0.0,
    0.0,
    0.0,
    0.0,
    14.0,
    0.0,
    0.0,
    23.0,
    0.0,
    0.0,
    23.0,
    0.0,
    0.0,
    23.0,
    0.0,
    14.0,
    0.0,
    0.0,
    0.0,
    0.0
   ],
   0.3632564102564102
  ],
  "medium-2-3-0": [
   [
    -200.0,
    22.0,
    13.0,
    0.0,
    21.0,
    0.0,
    0.0,
    11.0,
    0.0,
    0.0,
    -600.0,
    -700.0,
    -600.0,
    -100.0,
    23.0,
    -600.0,
    -900.0,
    -200.0,
    -500.0,
    -100.0,
    0.0,
    0.0,
    0.0
   ],
   0.4293913043478261
  ],
  "medium-3-2-0": [
   [
    0.0,
    -100.0,
    0.0,
    0.0,
    0.0,
    0.0,
    0.0,
    0.0,
    0.0,
    0.0,
    -300.0,
    -381.0,
    28.0,
    0.0,
    19.0,
    0.0,
    0.0,
    0.0,
    0.0,
    -100.0,
    24.0,
    -100.0,
    -100.0
   ],
   0.4293043478260869
  ],
  "large-1-6-0": [
   [
    -574.0,
    -400.0,
    -300.0,
    -500.0,
    -100.0,
    -200.0,
    -1000.0,
    -400.0,
    43.0,
    0.0,
    -60.0,
    0.0,
    -145.0,
    -85.0,
    36.0,
    -200.0,
    -752.0,
    -400.0,
    -144.0,
    -544.0,
    -300.0,
    -189.0,
    -300.0
   ],
   0.5788260869565217
  ],
  "large-2-6-0": [
   [
    -900.0,
    -100.0,
    -151.0,
    -200.0,
    -100.0,
    -57.0,
    -100.0,
    -500.0,
    -100.0,
    -500.0,
    -148.0,
    0.0,
    0.0,
    -900.0,
    53.0,
    36.0,
    -200.0,
    -580.0,
    -100.0,
    -1100.0,
    -400.0,
    -348.0,
    0.0
   ],
   0.6075652173913044
  ],
  "small-2-2-0": [
   [
    -200.0,
    0.0,
    0.0,
    0.0,
    0.0,
    0.0,
    0.0,
    0.0,
    0.0,
    -100.0,
    0.0,
    -100.0,
    0.0,
    0.0,
    0.0,
    0.0,
    0.0,
    0.0,
    -100.0,
    -100.0,
    0.0,
    0.0,
    0.0,
    0.0,
    15.0,
    11.0
   ],
   0.36530769230769233
  ],
  "small-3-2-0": [
   [
    -300.0,
    -100.0,
    -200.0,
    -300.0,
    -100.0,
    -300.0,
    0.0,
    0.0,
    -200.0,
    -181.0,
    0.0,
    0.0,
    0.0,
    22.0,
    36.0,
    -100.0,
    -200.0,
    -100.0,
    16.0,
    0.0,
    0.0,
    20.0,
    -100.0,
    -300.0,
    -100.0,
    0.0
   ],
   0.36961538461538457
  ],
  "medium-1-3-0": [
   [
    -300.0,
    0.0,
    0.0,
    -600.0,
    -200.0,
    0.0,
    -900.0,
    0.0,
    -600.0,
    -200.0,
    32.0,
    0.0,
    -67.0
   ],
   0.41684615384615387
  ],