{
 "vert-0": {
  "small-1-1-0": [
   [
    22.0,
    16.0,
    20.0,
    22.0,
    16.0,
    16.0,
    23.0,
    16.0,
    12.0,
    19.0,
    15.0,
    16.0,
    18.0
   ],
   1.3896153846153845
  ],
  "medium-2-3-0": [
   [
    88.0,
    54.0,
    42.0,
    108.0,
    36.0,
    106.0,
    110.0,
    110.0,
    63.0,
    58.0
   ],
   3.394
  ],
  "medium-3-2-0": [
   [
    20.0,
    35.0,
    72.0,
    76.0,
    90.0,
    61.0,
    110.0,
    83.0,
    35.0,
    42.0
   ],
   3.451
  ],
  "large-1-6-0": [
   [
    435.0,
    380.0,
    320.0,
    347.0,
    301.0,
    441.0,
    274.0,
    304.0,
    362.0,
    344.0
   ],
   7.795
  ],
  "large-2-6-0": [
   [
    289.0,
    460.0,
    288.0,
    308.0,
    407.0,
    271.0,
    162.0,
    333.0,
    270.0,
    359.0
   ],
   8.127
  ]
 },
 "vert-1": {
  "small-1-1-0": [
   [
    22.0,
    18.0,
    12.0,
    10.0,
    27.0,
    15.0,
    18.0,
    11.0,
    22.0,
    0.0,
    11.0,
    46.0,
    18.0
   ],
   1.4175384615384614
  ],
  "medium-2-3-0": [
   [
    28.0,
    77.0,
    67.0,
    83.0,
    53.0,
    79.0,
    80.0,
    63.0,
    101.0,
    62.0
   ],
   4.258
  ],
  "medium-3-2-0": [
   [
    51.0,
    110.0,
    82.0,
    103.0,
    34.0,
    86.0,
    69.0,
    82.0,
    48.0,
    61.0
   ],
   3.316
  ]
 },
 "vert-2": {
  "small-1-1-0": [
   [
    11.0,
    10.0,
    21.0
   ],
   0.483
  ]
 }
}