{
 "blue-0": {
  "small-1-1-0": [
   [
    10.0,
    0.0,
    0.0,
    21.0,
    0.0,
    0.0,
    0.0,
    0.0,
    0.0,
    0.0,
    0.0,
    0.0,
    0.0
   ],
   1.8193846153846154
  ],
  "medium-2-3-0": [
   [
    0.0,
    0.0,
    0.0,
    0.0,
    0.0,
    0.0,
    0.0,
    0.0,
    0.0,
    0.0
   ],
   202.542
  ]
 },
 "blue-1": {
  "small-1-1-0": [
   [
    15.0,
    0.0,
    0.0,
    20.0,
    0.0,
    0.0,
    0.0,
    0.0,
    0.0,
    0.0,
    0.0,
    0.0,
    0.0
   ],
   1.7863846153846152
  ],
  "medium-2-3-0": [
   [
    0.0,
    0.0,
    0.0,
    0.0,
    0.0,
    0.0,
    0.0,
    0.0,
    0.0,
    0.0
   ],
   208.098
  ]
 },
 "bleu-0": {
  "small-1-1-0": [
   [
    13.0,
    0.0,
    0.0,
    17.0,
    0.0,
    0.0,
    0.0,
    0.0,
    0.0,
    0.0,
    0.0,
    0.0,
    0.0,
    17.0,
    0.0,
    0.0,
    18.0,
    0.0,
    0.0,
    10.0,
    0.0,
    0.0,
    0.0,
    0.0,
    0.0,
    0.0,
    0.0,
    0.0,
    0.0,
    18.0,
    0.0,
    0.0,
    11.0,
    0.0,
    0.0,
    0.0,
    0.0,
    0.0,
    0.0,
    0.0,
    0.0,
    0.0,
    22.0,
    0.0,
    0.0,
    15.0,
    0.0,
    0.0,
    0.0,
    0.0,
    0.0,
    0.0,
    0.0,
    0.0,
    0.0
   ],
   1.6740363636363638
  ],
  "medium-2-3-0": [
   [
    0.0,
    0.0,
    0.0,
    0.0,
    0.0,
    0.0,
    0.0,
    0.0,
    0.0,
    0.0,
    0.0,
    0.0,
    0.0,
    32.0,
    0.0,
    0.0,
    0.0,
    0.0,
    0.0,
    0.0,
    0.0,
    0.0,
    0.0,
    0.0,
    0.0,
    0.0,
    0.0,
    0.0,
    0.0,
    0.0,
    0.0,
    0.0,
    0.0
   ],
   128.51581818181822
  ]
 },
 "bleu-1": {
  "small-1-1-0": [
   [
    15.0,
    0.0,
    0.0,
    13.0,
    0.0,
    0.0,
    0.0,
    0.0,
    0.0,
    0.0,
    0.0,
    0.0,
    0.0,
    21.0,
    0.0,
    0.0,
    20.0,
    17.0,
    12.0,
    12.0,
    19.0,
    22.0,
    22.0,
    23.0,
    15.0,
    13.0,
    14.0,
    21.0,
    11.0,
    10.0,
    18.0,
    21.0,
    13.0,
    13.0,
    11.0,
    23.0,
    17.0,
    18.0,
    10.0,
    15.0,
    33.0,
    11.0,
    35.0,
    36.0,
    13.0,
    20.0,
    19.0,
    23.0,
    17.0,
    15.0,
    35.0,
    15.0,
    23.0,
    17.0,
    13.0,
    0.0,
    19.0,
    42.0,
    11.0,
    22.0,
    19.0,
    17.0,
    11.0,
    17.0,
    13.0,
    18.0,
    19.0,
    13.0,
    20.0,
    21.0,
    20.0,
    11.0,
    13.0,
    12.0,
    11.0,
    46.0,
    25.0,
    16.0,
    28.0,
    18.0,
    10.0,
    11.0,
    22.0,
    21.0,
    10.0,
    15.0,
    13.0,
    14.0,
    12.0,
    13.0,
    24.0,
    19.0,
    35.0,
    25.0,
    22.0,
    18.0,
    13.0,
    21.0,
    20.0,
    11.0,
    21.0,
    12.0,
    22.0,
    0.0,
    20.0,
    19.0,
    15.0
   ],
   1.3548504672897195
  ],
  "medium-2-3-0": [
   [
    0.0,
    0.0,
    0.0,
    0.0,
    0.0,
    0.0,
    0.0,
    0.0,
    0.0,
    0.0,
    76.0,
    0.0,
    0.0,
    92.0,
    0.0,
    0.0,
    0.0,
    0.0,
    0.0,
    0.0,
    0.0,
    0.0,
    0.0,
    98.0,
    36.0,
    51.0,
    115.0,
    51.0,
    84.0,
    41.0,
    112.0,
    66.0,
    60.0,
    52.0,
    84.0,
    78.0,
    40.0,
    71.0,
    70.0,
    86.0,
    61.0,
    0.0,
    85.0,
    72.0,
    25.0,
    38.0,
    65.0,
    56.0,
    47.0,
    81.0,
    53.0,
    90.0,
    75.0,
    65.0,
    87.0,
    83.0,
    38.0,
    75.0,
    123.0,
    79.0,
    82.0,
    38.0,
    48.0,
    53.0,
    105.0,
    37.0,
    98.0,
    42.0,
    100.0,
    111.0,
    41.0,
    56.0,
    55.0,
    0.0,
    37.0,
    107.0,
    50.0,
    59.0,
    59.0,
    114.0,
    81.0,
    45.0,
    31.0,
    100.0,
    56.0,
    131.0,
    87.0,
    93.0,
    55.0,
    74.0,
    97.0,
    78.0,
    53.0,
    46.0,
    82.0,
    22.0,
    131.0,
    93.0,
    85.0,
    88.0,
    11.0,
    33.0,
    76.0,
    53.0,
    46.0,
    19.0,
    136.0,
    22.0,
    36.0,
    124.0,
    88.0,
    16.0,
    61.0,
    65.0,
    30.0,
    93.0,
    58.0,
    49.0,
    47.0,
    57.0,
    57.0,
    74.0,
    86.0,
    87.0,
    71.0,
    61.0,
    36.0,
    89.0,
    90.0,
    40.0,
    93.0,
    90.0,
    82.0,
    57.0,
    92.0,
    65.0,
    127.0,
    45.0,
    120.0,
    94.0,
    106.0,
    22.0,
    55.0,
    69.0,
    80.0,
    83.0,
    49.0,
    129.0,
    96.0,
    109.0,
    71.0,
    92.0,
    36.0,
    59.0,
    0.0,
    96.0,
    58.0,
    62.0,
    128.0,
    111.0,
    82.0,
    56.0,
    58.0,
    124.0,
    74.0,
    71.0,
    63.0,
    51.0,
    64.0,
    80.0,
    85.0,
    58.0,
    83.0,
    65.0,
    46.0,
    109.0,
    96.0,
    89.0,
    97.0,
    74.0,
    48.0,
    75.0
   ],
   33.612956043956046
  ],
  "medium-3-2-0": [
   [
    100.0,
    70.0,
    106.0,
    50.0,
    84.0,
    13.0,
    87.0,
    67.0,
    74.0,
    19.0,
    16.0,
    35.0,
    0.0,
    103.0,
    27.0,
    36.0,
    60.0,
    70.0,
    80.0,
    103.0,
    43.0,
    63.0,
    90.0,
    41.0,
    106.0,
    63.0,
    64.0,
    81.0,
    59.0,
    92.0,
    29.0,
    56.0,
    106.0,
    24.0,
    47.0,
    58.0,
    66.0,
    90.0,
    78.0,
    91.0,
    85.0,
    77.0,
    38.0,
    97.0,
    82.0,
    115.0
   ],
   3.2199782608695653
  ],
  "large-1-6-0": [
   [
    118.0,
    465.0,
    175.0,
    38.0,
    175.0,
    226.0,
    120.0,
    303.0,
    286.0,
    417.0,
    227.0,
    126.0,
    316.0,
    183.0,
    143.0,
    259.0,
    170.0,
    285.0,
    362.0,
    236.0,
    161.0,
    359.0,
    277.0,
    213.0,
    214.0,
    249.0,
    403.0,
    339.0,
    355.0,
    311.0,
    52.0,
    281.0,
    165.0,
    0.0,
    209.0,
    109.0,
    357.0,
    333.0,
    266.0,
    277.0,
    256.0,
    280.0,
    223.0,
    169.0,
    171.0,
    206.0,
    192.0,
    260.0,
    354.0,
    217.0,
    421.0,
    325.0,
    106.0,
    247.0,
    202.0,
    275.0
   ],
   12.143000000000002
  ],
  "large-2-6-0": [
   [
    22.0,
    347.0,
    230.0,
    205.0,
    171.0,
    168.0,
    317.0,
    223.0,
    235.0,
    319.0,
    187.0,
    143.0,
    340.0,
    285.0,
    143.0,
    214.0,
    344.0,
    252.0,
    373.0,
    292.0,
    294.0,
    113.0,
    159.0,
    196.0,
    261.0,
    304.0,
    166.0,
    165.0,
    326.0,
    217.0,
    320.0,
    249.0,
    233.0,
    218.0,
    249.0,
    248.0
   ],
   11.532722222222223
  ],
  "small-2-2-0": [
   [
    42.0,
    19.0,
    12.0,
    36.0,
    0.0,
    17.0,
    16.0,
    12.0,
    27.0,
    47.0,
    0.0,
    47.0,
    20.0,
    27.0,
    35.0,
    36.0,
    0.0,
    0.0,
    31.0,
    36.0,
    16.0,
    22.0,
    10.0,
    19.0,
    34.0,
    13.0,
    12.0,
    13.0,
    0.0,
    37.0,
    20.0,
    14.0,
    34.0,
    15.0,
    33.0,
    10.0,
    43.0,
    18.0,
    35.0,
    20.0,
    39.0,
    33.0,
    28.0,
    32.0,
    39.0,
    33.0,
    10.0,
    33.0,
    32.0,
    28.0,
    0.0,
    0.0
   ],
   1.286173076923077
  ],
  "small-3-2-0": [
   [
    0.0,
    13.0,
    34.0,
    20.0,
    34.0,
    38.0,
    29.0,
    35.0,
    39.0,
    17.0,
    28.0,
    13.0,
    14.0,
    38.0,
    12.0,
    45.0,
    14.0,
    15.0,
    22.0,
    14.0,
    27.0,
    22.0,
    43.0,
    21.0,
    32.0,
    33.0,
    29.0,
    28.0,
    28.0,
    14.0,
    28.0,
    33.0,
    19.0,
    38.0,
    14.0,
    37.0,
    13.0,
    21.0,
    42.0,
    38.0,
    20.0,
    33.0,
    18.0,
    45.0,
    36.0,
    33.0,
    22.0,
    44.0,
    36.0,
    36.0,
    14.0,
    27.0
   ],
   1.2305192307692308
  ],
  "medium-1-3-0": [
   [
    42.0,
    74.0,
    98.0,
    75.0,
    123.0,
    92.0,
    118.0,
    101.0,
    24.0,
    59.0,
    181.0,
    130.0,
    115.0,
    66.0,
    117.0,
    109.0,
    133.0,
    129.0,
    92.0,
    34.0,
    81.0,
    136.0,
    101.0,
    67.0,
    102.0,
    80.0
   ],
   3.1697307692307692
  ],
  "medium-4-2-0": [
   [
    42.0,
    80.0,
    95.0,
    71.0,
    80.0,
    110.0,
    58.0,
    110.0,
    62.0,
    96.0,
    32.0,
    91.0,
    63.0,
    18.0,
    73.0,
    112.0
   ],
   2.66775
  ],